month,emi_payment,interest,principal,prepayment,total_payment,balance,cumulative_interest
1,17994.51911700341,15000.0,2994.5191170034086,5000,22994.51911700341,1992005.4808829967,15000.0
2,17994.51911700341,14940.041106622475,3054.4780103809335,5000,22994.51911700341,1983951.0028726158,29940.041106622477
3,17994.51911700341,14879.632521544618,3114.886595458791,5000,22994.51911700341,1975836.116277157,44819.6736281671
4,17994.51911700341,14818.770872078678,3175.748244924731,5000,22994.51911700341,1967660.3680322324,59638.44450024577
5,17994.51911700341,14757.452760241742,3237.0663567616666,5000,22994.51911700341,1959423.3016754708,74395.89726048752
6,17994.51911700341,14695.67476256603,3298.8443544373786,5000,22994.51911700341,1951124.4573210333,89091.57202305355
7,17994.51911700341,14633.433429907749,3361.0856870956595,5000,22994.51911700341,1942763.3716339376,103725.0054529613
8,17994.51911700341,14570.72528725453,3423.793829748878,5000,22994.51911700341,1934339.5778041887,118295.73074021583
9,17994.51911700341,14507.546833531414,3486.972283471994,5000,22994.51911700341,1925852.6055207166,132803.27757374724
10,17994.51911700341,14443.894541405374,3550.6245755980344,5000,22994.51911700341,1917301.9809451187,147247.1721151526
11,17994.51911700341,14379.76485708839,3614.7542599150183,5000,22994.51911700341,1908687.2266852036,161626.936972241
12,17994.51911700341,14315.154200139026,3679.3649168643824,5000,22994.51911700341,1900007.8617683393,175942.09117238002
13,17994.51911700341,14250.058963262543,3744.4601537408653,5000,22994.51911700341,1891263.4016145985,190192.15013564256
14,17994.51911700341,14184.475512109488,3810.043604893921,5000,22994.51911700341,1882453.3580097046,204376.62564775205
15,17994.51911700341,14118.400185072784,3876.118931930625,5000,22994.51911700341,1873577.239077774,218495.02583282485
16,17994.51911700341,14051.829293083305,3942.6898239201037,5000,22994.51911700341,1864634.549253854,232546.85512590816
17,17994.51911700341,13984.759119403905,4009.7599975995035,5000,22994.51911700341,1855624.7892562544,246531.61424531206
18,17994.51911700341,13917.185919421909,4077.3331975815,5000,22994.51911700341,1846547.4560586729,260448.80016473396
19,17994.51911700341,13849.105920440046,4145.413196563362,5000,22994.51911700341,1837402.0428621096,274297.906085174
20,17994.51911700341,13780.515321465822,4214.0037955375865,5000,22994.51911700341,1828188.039066572,288078.42140663986
21,17994.51911700341,13711.41029299929,4283.108824004119,5000,22994.51911700341,1818904.9302425678,301789.83169963915
22,17994.51911700341,13641.786976819258,4352.732140184151,5000,22994.51911700341,1809552.1981023836,315431.6186764584
23,17994.51911700341,13571.641485767877,4422.877631235531,5000,22994.51911700341,1800129.320471148,329003.26016222633
24,17994.51911700341,13500.969903533609,4493.5492134698,5000,22994.51911700341,1790635.7712576783,342504.23006575997
25,17994.51911700341,13429.768284432586,4564.750832570822,5000,22994.51911700341,1781071.0204251076,355933.99835019256
26,17994.51911700341,13358.032653188306,4636.486463815103,5000,22994.51911700341,1771434.5339612924,369292.0310033809
27,17994.51911700341,13285.759004709693,4708.760112293716,5000,22994.51911700341,1761725.7738489986,382577.7900080906
28,17994.51911700341,13212.943303867489,4781.57581313592,5000,22994.51911700341,1751944.1980358628,395790.7333119581
29,17994.51911700341,13139.581485268971,4854.937631734438,5000,22994.51911700341,1742089.2604041283,408930.31479722704
30,17994.51911700341,13065.669453030961,4928.849663972447,5000,22994.51911700341,1732160.410740156,421995.984250258
31,17994.51911700341,12991.20308055117,5003.316036452239,5000,22994.51911700341,1722157.0947037037,434987.1873308092
32,17994.51911700341,12916.178210277776,5078.3409067256325,5000,22994.51911700341,1712078.753796978,447903.36554108694
33,17994.51911700341,12840.590653477333,5153.928463526076,5000,22994.51911700341,1701924.8253334519,460743.9561945643
34,17994.51911700341,12764.436190000888,5230.082927002521,5000,22994.51911700341,1691694.7424064493,473508.3923845652
35,17994.51911700341,12687.71056804837,5306.808548955039,5000,22994.51911700341,1681387.9338574943,486196.10295261355
36,17994.51911700341,12610.409503931207,5384.109613072202,5000,22994.51911700341,1671003.8242444221,498806.51245654473
37,17994.51911700341,12532.528681833166,5461.990435170243,5000,22994.51911700341,1660541.833809252,511339.0411383779
38,17994.51911700341,12454.06375356939,5540.455363434019,5000,22994.51911700341,1650001.3784458179,523793.1048919473
39,17994.51911700341,12375.010338343633,5619.508778659776,5000,22994.51911700341,1639381.869667158,536168.1152302909
40,17994.51911700341,12295.364022503685,5699.155094499723,5000,22994.51911700341,1628682.7145726583,548463.4792527946
41,17994.51911700341,12215.120359294937,5779.398757708472,5000,22994.51911700341,1617903.3158149498,560678.5996120896
42,17994.51911700341,12134.274868612123,5860.2442483912855,5000,22994.51911700341,1607043.0715665584,572812.8744807018
43,17994.51911700341,12052.823036749189,5941.69608025422,5000,22994.51911700341,1596101.3754863043,584865.6975174509
44,17994.51911700341,11970.760316147282,6023.758800856127,5000,22994.51911700341,1585077.6166854482,596836.4578335981
45,17994.51911700341,11888.082125140862,6106.436991862547,5000,22994.51911700341,1573971.1796935857,608724.539958739
46,17994.51911700341,11804.783847701892,6189.735269301516,5000,22994.51911700341,1562781.4444242842,620529.3238064408
47,17994.51911700341,11720.86083318213,6273.658283821278,5000,22994.51911700341,1551507.7861404628,632250.1846396229
48,17994.51911700341,11636.308396053471,6358.210720949937,5000,22994.51911700341,1540149.5754195128,643886.4930356764
49,17994.51911700341,11551.121815646346,6443.397301357063,5000,22994.51911700341,1528706.1781181558,655437.6148513227
50,17994.51911700341,11465.296335886169,6529.22278111724,5000,22994.51911700341,1517176.9553370385,666902.9111872088
51,17994.51911700341,11378.827165027787,6615.691951975621,5000,22994.51911700341,1505561.2633850628,678281.7383522366
52,17994.51911700341,11291.70947538797,6702.8096416154385,5000,22994.51911700341,1493858.4537434473,689573.4478276245
53,17994.51911700341,11203.938403075854,6790.580713927555,5000,22994.51911700341,1482067.8730295198,700777.3862307004
54,17994.51911700341,11115.509047721398,6879.010069282011,5000,22994.51911700341,1470188.8629602378,711892.8952784218
55,17994.51911700341,11026.416472201783,6968.1026448016255,5000,22994.51911700341,1458220.7603154362,722919.3117506236
56,17994.51911700341,10936.655702365772,7057.863414637637,5000,22994.51911700341,1446162.8969007984,733855.9674529894
57,17994.51911700341,10846.221726755988,7148.2973902474205,5000,22994.51911700341,1434014.599510551,744702.1891797454
58,17994.51911700341,10755.109496329133,7239.409620674276,5000,22994.51911700341,1421775.1898898766,755457.2986760745
59,17994.51911700341,10663.313924174074,7331.205192829335,5000,22994.51911700341,1409443.9846970474,766120.6126002485
60,17994.51911700341,10570.829885227855,7423.689231775554,5000,22994.51911700341,1397020.295465272,776691.4424854764
61,17994.51911700341,10477.65221598954,7516.866901013869,5000,22994.51911700341,1384503.4285642582,787169.0947014659
62,17994.51911700341,10383.775714231935,7610.7434027714735,5000,22994.51911700341,1371892.6851614867,797552.8704156978
63,17994.51911700341,10289.19513871115,7705.323978292259,5000,22994.51911700341,1359187.3611831944,807842.0655544089
64,17994.51911700341,10193.905208873957,7800.613908129451,5000,22994.51911700341,1346386.747275065,818035.9707632829
65,17994.51911700341,10097.900604562987,7896.618512440422,5000,22994.51911700341,1333490.1287626245,828133.8713678458
66,17994.51911700341,10001.175965719684,7993.343151283725,5000,22994.51911700341,1320496.7856113408,838135.0473335655
67,17994.51911700341,9903.725892085056,8090.793224918352,5000,22994.51911700341,1307405.9923864224,848038.7732256505
68,17994.51911700341,9805.544942898166,8188.974174105242,5000,22994.51911700341,1294217.018212317,857844.3181685488
69,17994.51911700341,9706.627636592377,8287.891480411032,5000,22994.51911700341,1280929.126731906,867550.9458051411
70,17994.51911700341,9606.968450489296,8387.550666514113,5000,22994.51911700341,1267541.576065392,877157.9142556305
71,17994.51911700341,9506.56182049044,8487.957296512968,5000,22994.51911700341,1254053.618768879,886664.4760761209
72,17994.51911700341,9405.402140766591,8589.116976236817,5000,22994.51911700341,1240464.501792642,896069.8782168875
73,17994.51911700341,9303.483763444816,8691.035353558593,5000,22994.51911700341,1226773.4664390835,905373.3619803323
74,17994.51911700341,9200.800998293125,8793.718118710283,5000,22994.51911700341,1212979.7483203732,914574.1629786254
75,17994.51911700341,9097.348112402799,8897.17100460061,5000,22994.51911700341,1199082.5773157727,923671.5110910282
76,17994.51911700341,8993.119329868294,9001.399787135115,5000,22994.51911700341,1185081.1775286375,932664.6304208966
77,17994.51911700341,8888.10883146478,9106.410285538628,5000,22994.51911700341,1170974.767243099,941552.7392523614
78,17994.51911700341,8782.310754323242,9212.208362680167,5000,22994.51911700341,1156762.5588804188,950335.0500066846
79,17994.51911700341,8675.71919160314,9318.799925400268,5000,22994.51911700341,1142443.7589550186,959010.7691982877
80,17994.51911700341,8568.328192162639,9426.19092484077,5000,22994.51911700341,1128017.5680301778,967579.0973904504
81,17994.51911700341,8460.131760226333,9534.387356777075,5000,22994.51911700341,1113483.1806734009,976039.2291506768
82,17994.51911700341,8351.123855050506,9643.395261952903,5000,22994.51911700341,1098839.785411448,984390.3530057273
83,17994.51911700341,8241.29839058586,9753.220726417549,5000,22994.51911700341,1084086.5646850304,992631.6513963131
84,17994.51911700341,8130.649235137727,9863.869881865681,5000,22994.51911700341,1069222.6948031648,1000762.3006314508
85,17994.51911700341,8019.170211023736,9975.348905979674,5000,22994.51911700341,1054247.3458971852,1008781.4708424746
86,17994.51911700341,7906.855094228888,10087.66402277452,5000,22994.51911700341,1039159.6818744106,1016688.3259367035
87,17994.51911700341,7793.697614058079,10200.82150294533,5000,22994.51911700341,1023958.8603714652,1024482.0235507615
88,17994.51911700341,7679.691452785989,10314.82766421742,5000,22994.51911700341,1008644.0327072478,1032161.7150035475
89,17994.51911700341,7564.830245304358,10429.68887169905,5000,22994.51911700341,993214.3438355487,1039726.5452488519
90,17994.51911700341,7449.107578766615,10545.411538236793,5000,22994.51911700341,977668.932297312,1047175.6528276185
91,17994.51911700341,7332.516992229839,10662.00212477357,5000,22994.51911700341,962006.9301725384,1054508.1698198484
92,17994.51911700341,7215.051976294038,10779.46714070937,5000,22994.51911700341,946227.463031829,1061723.2217961424
93,17994.51911700341,7096.705972738717,10897.813144264692,5000,22994.51911700341,930329.6498875642,1068819.9277688812
94,17994.51911700341,6977.472374156731,11017.046742846676,5000,22994.51911700341,914312.6031447175,1075797.400143038
95,17994.51911700341,6857.3445235853815,11137.174593418027,5000,22994.51911700341,898175.4285512995,1082654.7446666234
96,17994.51911700341,6736.315714134746,11258.203402868663,5000,22994.51911700341,881917.2251484308,1089391.0603807583
97,17994.51911700341,6614.37918861323,11380.139928390177,5000,22994.51911700341,865537.0852200406,1096005.4395693715
98,17994.51911700341,6491.528139150305,11502.990977853104,5000,22994.51911700341,849034.0942421876,1102496.9677085218
99,17994.51911700341,6367.755706816407,11626.763410187003,5000,22994.51911700341,832407.3308320006,1108864.7234153382
100,17994.51911700341,6243.054981240004,11751.464135763405,5000,22994.51911700341,815655.8666962372,1115107.7783965783
101,17994.51911700341,6117.419000221779,11877.100116781628,5000,22994.51911700341,798778.7665794556,1121225.1973968002
102,17994.51911700341,5990.840749345916,12003.678367657492,5000,22994.51911700341,781775.0882117981,1127216.038146146
103,17994.51911700341,5863.313161588486,12131.205955414924,5000,22994.51911700341,764643.8822563832,1133079.3513077346
104,17994.51911700341,5734.829116922874,12259.690000080534,5000,22994.51911700341,747384.1922563027,1138814.1804246574
105,17994.51911700341,5605.38144192227,12389.13767508114,5000,22994.51911700341,729995.0545812215,1144419.5618665796
106,17994.51911700341,5474.962909359161,12519.556207644247,5000,22994.51911700341,712475.4983735773,1149894.5247759388
107,17994.51911700341,5343.56623780183,12650.952879201579,5000,22994.51911700341,694824.5454943756,1155238.0910137407
108,17994.51911700341,5211.184091207817,12783.335025795592,5000,22994.51911700341,677041.21046858,1160449.2751049486
109,17994.51911700341,5077.8090785143495,12916.710038489058,5000,22994.51911700341,659124.5004300909,1165527.084183463
110,17994.51911700341,4943.433753225682,13051.085363777725,5000,22994.51911700341,641073.4150663132,1170470.5179366886
111,17994.51911700341,4808.050612997349,13186.46850400606,5000,22994.51911700341,622886.9465623072,1175278.5685496859
112,17994.51911700341,4671.652099217304,13322.867017786106,5000,22994.51911700341,604564.079544521,1179950.2206489032
113,17994.51911700341,4534.230596583908,13460.2885204195,5000,22994.51911700341,586103.7910241015,1184484.451245487
114,17994.51911700341,4395.778432680761,13598.740684322647,5000,22994.51911700341,567505.0503397789,1188880.2296781677
115,17994.51911700341,4256.287877548341,13738.231239455068,5000,22994.51911700341,548766.8191003238,1193136.517555716
116,17994.51911700341,4115.751143252429,13878.767973750979,5000,22994.51911700341,529888.0511265729,1197252.2686989685
117,17994.51911700341,3974.1603834492967,14020.358733554112,5000,22994.51911700341,510867.69239301875,1201226.4290824179
118,17994.51911700341,3831.5076929476404,14163.011424055769,5000,22994.51911700341,491704.68096896296,1205057.9367753656
119,17994.51911700341,3687.785107267222,14306.734009736187,5000,22994.51911700341,472397.9469592268,1208745.721882633
120,17994.51911700341,3542.9846021942008,14451.534514809207,5000,22994.51911700341,452946.4124444176,1212288.7064848272
121,17994.51911700341,3397.098093333132,14597.421023670277,5000,22994.51911700341,433348.9914207473,1215685.8045781604
122,17994.51911700341,3250.117435655605,14744.401681347805,5000,22994.51911700341,413604.5897393995,1218935.922013816
123,17994.51911700341,3102.034423045496,14892.484693957913,5000,22994.51911700341,393712.1050454416,1222037.9564368615
124,17994.51911700341,2952.840787840812,15041.678329162596,5000,22994.51911700341,373670.426716279,1224990.7972247023
125,17994.51911700341,2802.528200372092,15191.990916631315,5000,22994.51911700341,353478.4357996477,1227793.3254250744
126,17994.51911700341,2651.0882684973576,15343.43084850605,5000,22994.51911700341,333135.00495114166,1230444.4136935717
127,17994.51911700341,2498.5125371335625,15496.006579869845,5000,22994.51911700341,312638.9983712718,1232942.9262307053
128,17994.51911700341,2344.7924877845385,15649.72662921887,5000,22994.51911700341,291989.271742053,1235287.7187184899
129,17994.51911700341,2189.9195380653973,15804.59957893801,5000,22994.51911700341,271184.672163115,1237477.6382565552
130,17994.51911700341,2033.8850412233624,15960.634075780046,5000,22994.51911700341,250224.03808733495,1239511.5232977786
131,17994.51911700341,1876.680285655012,16117.838831348396,5000,22994.51911700341,229106.19925598655,1241388.2035834335
132,17994.51911700341,1718.296494419899,16276.22262258351,5000,22994.51911700341,207829.97663340304,1243106.5000778534
133,17994.51911700341,1558.7248247505227,16435.794292252885,5000,22994.51911700341,186394.18234115015,1244665.224902604
134,17994.51911700341,1397.9563675586262,16596.562749444784,5000,22994.51911700341,164797.61959170538,1246063.1812701626
135,17994.51911700341,1235.9821469377903,16758.53697006562,5000,22994.51911700341,143039.08262163977,1247299.1634171004
136,17994.51911700341,1072.7931196622983,16921.72599734111,5000,22994.51911700341,121117.35662429866,1248371.9565367626
137,17994.51911700341,908.3801746822398,17086.13894232117,5000,22994.51911700341,99031.21768197749,1249280.336711445
138,17994.51911700341,742.7341326148312,17251.784984388578,5000,22994.51911700341,76779.43269758891,1250023.0708440598
139,17994.51911700341,575.8457452319168,17418.673371771492,5000,22994.51911700341,54360.75932581742,1250598.9165892918
140,17994.51911700341,407.7056949436306,17586.81342205978,5000,22994.51911700341,31773.945903757638,1251006.6222842354
141,17994.51911700341,238.30459427818226,17756.214522725226,5000,22994.51911700341,9017.731381032412,1251244.9268785135
142,9085.364366390155,67.6329853577431,9017.731381032412,0.0,9085.364366390155,0.0,1251312.5598638712
